datetime,open,high,low,close,volume
2024-01-02 09:00:00,1138.5,1141.8,1131.0,1133.5,167307.0
2024-01-03 09:00:00,1130.5,1148.3,1126.4,1148.3,173569.0
2024-01-04 09:00:00,1146.0,1171.6,1145.5,1156.5,260804.0
2024-01-05 09:00:00,1156.1,1166.0,1154.2,1166.0,199452.0
2024-01-08 09:00:00,1166.4,1173.4,1160.5,1162.0,182329.0
2024-01-09 09:00:00,1166.0,1166.0,1158.6,1163.0,149850.0
2024-01-10 09:00:00,1162.8,1170.8,1159.3,1163.1,202057.0
2024-01-11 09:00:00,1165.0,1176.7,1162.8,1168.1,208571.0
2024-01-12 09:00:00,1165.9,1169.8,1151.0,1165.9,292209.0
2024-01-15 09:00:00,1168.9,1175.4,1162.7,1162.7,168219.0
2024-01-16 09:00:00,1158.0,1172.0,1157.5,1172.0,175939.0
2024-01-17 09:00:00,1171.1,1180.0,1164.3,1166.0,228003.0
2024-01-18 09:00:00,1168.1,1177.8,1165.8,1172.8,171101.0
2024-01-19 09:00:00,1181.0,1190.0,1180.3,1190.0,188161.0
2024-01-22 09:00:00,1194.8,1196.4,1186.0,1194.0,169558.0
2024-01-23 09:00:00,1192.7,1194.6,1180.5,1184.0,179695.0
2024-01-24 09:00:00,1183.4,1190.5,1178.8,1180.7,201972.0
2024-01-25 09:00:00,1181.0,1184.0,1175.0,1180.5,182856.0
2024-01-26 09:00:00,1182.9,1189.0,1181.0,1187.0,155805.0
2024-01-29 09:00:00,1188.6,1189.5,1181.6,1183.6,114408.0
2024-01-30 09:00:00,1184.0,1187.3,1182.7,1186.0,81386.0
2024-01-31 09:00:00,1186.2,1188.5,1165.6,1171.0,177010.0
2024-02-01 09:00:00,1168.9,1180.5,1168.6,1177.2,160396.0
2024-02-02 09:00:00,1179.9,1182.4,1174.8,1181.1,132910.0
2024-02-05 09:00:00,1182.6,1213.9,1181.3,1202.5,170249.0
2024-02-06 09:00:00,1201.4,1206.0,1200.5,1203.9,111601.0
2024-02-07 09:00:00,1206.7,1219.8,1205.2,1219.0,136049.0
2024-02-15 09:00:00,1224.9,1227.9,1217.8,1217.8,103152.0
2024-02-16 09:00:00,1225.6,1232.3,1222.6,1232.0,130613.0
2024-02-19 09:00:00,1231.6,1243.9,1230.5,1240.5,146806.0
2024-02-20 09:00:00,1241.4,1243.9,1237.4,1240.2,133487.0
2024-02-21 09:00:00,1235.2,1248.3,1235.1,1240.0,195135.0
2024-02-22 09:00:00,1240.1,1242.6,1235.5,1238.0,133024.0
2024-02-23 09:00:00,1240.5,1254.0,1225.0,1225.1,271852.0
2024-02-26 09:00:00,1228.8,1231.5,1222.1,1230.3,143409.0
2024-02-27 09:00:00,1231.0,1242.5,1230.3,1241.0,179208.0
2024-02-28 09:00:00,1242.9,1266.2,1241.4,1266.2,224084.0
2024-02-29 09:00:00,1266.2,1271.5,1255.0,1262.8,218472.0
2024-03-01 09:00:00,1265.0,1269.0,1259.1,1266.8,182964.0
2024-03-04 09:00:00,1270.2,1272.0,1263.3,1268.4,155236.0
2024-03-05 09:00:00,1267.0,1279.0,1264.1,1278.5,173437.0
2024-03-06 09:00:00,1276.9,1282.0,1255.1,1266.8,248155.0
2024-03-07 09:00:00,1267.8,1278.4,1264.2,1273.4,226526.0
2024-03-08 09:00:00,1274.5,1276.0,1248.7,1253.8,341569.0
2024-03-11 09:00:00,1250.3,1254.6,1230.8,1231.0,220566.0
2024-03-12 09:00:00,1232.9,1243.0,1232.0,1239.8,228488.0
2024-03-13 09:00:00,1241.0,1273.9,1240.2,1271.3,245044.0
2024-03-14 09:00:00,1271.6,1273.0,1252.5,1260.8,253064.0
2024-03-15 09:00:00,1257.1,1268.0,1241.3,1260.0,297841.0
2024-03-18 09:00:00,1257.9,1259.8,1218.4,1230.9,349568.0
2024-03-19 09:00:00,1232.8,1235.8,1224.2,1230.0,255708.0
2024-03-20 09:00:00,1233.0,1262.0,1228.0,1255.5,289691.0
2024-03-21 09:00:00,1260.2,1276.0,1260.2,1275.7,179921.0
2024-03-22 09:00:00,1287.0,1294.7,1275.7,1284.5,270641.0
2024-03-25 09:00:00,1281.0,1288.0,1267.2,1268.9,225890.0
2024-03-26 09:00:00,1268.0,1290.9,1265.5,1285.0,210720.0
2024-03-27 09:00:00,1286.0,1289.4,1279.6,1288.0,194509.0
2024-03-28 09:00:00,1294.0,1306.9,1293.7,1306.9,196707.0
2024-03-29 09:00:00,1306.7,1307.6,1295.3,1298.1,188233.0
2024-04-01 09:00:00,1292.2,1299.5,1283.0,1290.4,223772.0
2024-04-02 09:00:00,1285.0,1292.0,1274.1,1290.0,270424.0
2024-04-03 09:00:00,1284.8,1288.2,1269.1,1271.9,241517.0
2024-04-04 09:00:00,1275.6,1280.3,1265.0,1265.0,260485.0
2024-04-05 09:00:00,1254.0,1265.0,1251.2,1252.1,229109.0
2024-04-08 09:00:00,1256.1,1259.6,1247.2,1254.2,214820.0
2024-04-09 09:00:00,1258.0,1264.3,1254.2,1264.2,167195.0
2024-04-10 09:00:00,1265.0,1272.9,1258.9,1260.1,200459.0
2024-04-11 09:00:00,1250.8,1265.1,1250.8,1263.0,193451.0
2024-04-12 09:00:00,1265.5,1286.0,1260.1,1286.0,255196.0
2024-04-15 09:00:00,1281.5,1286.9,1232.0,1236.3,310619.0
2024-04-16 09:00:00,1234.9,1237.9,1212.4,1230.0,385513.0
2024-04-17 09:00:00,1233.8,1233.9,1206.5,1214.6,244121.0
2024-04-19 09:00:00,1200.1,1211.7,1191.7,1191.7,343787.0
2024-04-22 09:00:00,1200.0,1215.5,1200.0,1205.3,276424.0
2024-04-23 09:00:00,1210.0,1212.5,1187.0,1200.6,304445.0
2024-04-24 09:00:00,1208.0,1234.5,1207.1,1230.5,297553.0
2024-04-25 09:00:00,1226.2,1230.7,1221.1,1227.0,244018.0
2024-04-26 09:00:00,1221.5,1241.0,1220.5,1232.4,326266.0
2024-05-02 09:00:00,1230.2,1242.5,1226.8,1242.4,210606.0
2024-05-03 09:00:00,1250.0,1254.9,1246.5,1249.6,194260.0
2024-05-06 09:00:00,1256.4,1275.8,1256.2,1270.0,210181.0
2024-05-07 09:00:00,1273.0,1277.7,1266.2,1276.0,205385.0
2024-05-08 09:00:00,1273.0,1279.0,1261.0,1279.0,262214.0
2024-05-09 09:00:00,1277.0,1281.9,1267.0,1269.0,235911.0
2024-05-10 09:00:00,1274.2,1280.4,1258.6,1270.4,292561.0
2024-05-13 09:00:00,1272.0,1275.0,1261.8,1266.0,198589.0
2024-05-14 09:00:00,1269.8,1279.4,1269.1,1274.4,218730.0
2024-05-15 09:00:00,1277.3,1293.7,1277.3,1286.1,202500.0
2024-05-16 09:00:00,1295.8,1311.1,1294.0,1309.8,180049.0
2024-05-17 09:00:00,1306.8,1308.4,1301.7,1307.9,176193.0
2024-05-20 09:00:00,1315.0,1319.8,1310.1,1310.1,156958.0
2024-05-21 09:00:00,1307.7,1312.1,1297.0,1312.1,176305.0
2024-05-22 09:00:00,1310.3,1312.3,1287.4,1292.2,233324.0
2024-05-23 09:00:00,1288.8,1300.0,1283.0,1300.0,240988.0
2024-05-24 09:00:00,1293.4,1304.0,1271.2,1277.7,332506.0
2024-05-27 09:00:00,1279.8,1281.9,1272.4,1276.2,199465.0
2024-05-28 09:00:00,1279.7,1292.5,1279.1,1292.5,209266.0
2024-05-29 09:00:00,1292.0,1292.4,1275.8,1277.5,248515.0
2024-05-30 09:00:00,1269.9,1271.4,1256.1,1270.0,251791.0
2024-05-31 09:00:00,1270.5,1275.2,1266.5,1270.0,202776.0
2024-06-03 09:00:00,1282.7,1298.6,1280.6,1291.5,196207.0
2024-06-04 09:00:00,1292.9,1302.6,1291.1,1295.0,204490.0
2024-06-05 09:00:00,1301.4,1309.6,1295.0,1295.0,202210.0
2024-06-06 09:00:00,1295.5,1306.8,1292.1,1298.7,244921.0
2024-06-07 09:00:00,1306.0,1310.0,1297.7,1308.0,228346.0
2024-06-10 09:00:00,1313.0,1314.2,1305.0,1310.9,170460.0
2024-06-11 09:00:00,1315.0,1315.4,1300.3,1305.0,218672.0
2024-06-12 09:00:00,1302.2,1332.0,1301.3,1330.7,233683.0
2024-06-13 09:00:00,1331.0,1339.0,1324.7,1335.0,205010.0
2024-06-14 09:00:00,1333.5,1335.9,1317.0,1317.0,204010.0
2024-06-17 09:00:00,1315.5,1316.0,1305.0,1308.0,218205.0
2024-06-18 09:00:00,1312.2,1322.5,1308.5,1308.5,221266.0
2024-06-19 09:00:00,1309.9,1325.8,1298.7,1317.0,278065.0
2024-06-20 09:00:00,1317.6,1327.9,1316.3,1323.7,217494.0
2024-06-21 09:00:00,1322.6,1323.6,1311.2,1320.9,250436.0
2024-06-24 09:00:00,1314.0,1317.4,1285.5,1290.7,295693.0
2024-06-25 09:00:00,1294.0,1294.0,1280.0,1287.7,248091.0
2024-06-26 09:00:00,1288.0,1291.8,1275.0,1290.0,247917.0
2024-06-27 09:00:00,1285.0,1292.0,1280.6,1289.0,210340.0
2024-06-28 09:00:00,1291.6,1292.8,1271.1,1274.3,233786.0
2024-07-01 09:00:00,1277.2,1285.8,1271.7,1285.0,180350.0
2024-07-02 09:00:00,1284.7,1299.0,1283.5,1295.2,227913.0
2024-07-03 09:00:00,1297.1,1310.0,1294.5,1307.0,178940.0
2024-07-04 09:00:00,1307.0,1313.5,1303.3,1308.6,170552.0
2024-07-05 09:00:00,1308.5,1316.9,1307.0,1316.3,194337.0
2024-07-08 09:00:00,1317.0,1317.9,1305.6,1314.0,182373.0
2024-07-09 09:00:00,1316.1,1322.0,1304.5,1320.5,246307.0
2024-07-10 09:00:00,1318.9,1322.0,1309.4,1310.0,208591.0
2024-07-11 09:00:00,1316.0,1317.9,1305.5,1305.7,188486.0
2024-07-12 09:00:00,1304.9,1310.0,1298.0,1300.0,207770.0
2024-07-15 09:00:00,1302.0,1305.6,1292.5,1299.0,142879.0
2024-07-16 09:00:00,1301.5,1308.8,1298.5,1302.7,179097.0
2024-07-17 09:00:00,1309.0,1322.0,1294.4,1303.2,271812.0
2024-07-18 09:00:00,1303.2,1305.0,1287.2,1297.5,208453.0
2024-07-19 09:00:00,1304.5,1312.0,1295.1,1297.1,225170.0
2024-07-22 09:00:00,1291.3,1304.6,1291.0,1300.0,271467.0
2024-07-23 09:00:00,1301.4,1303.8,1280.0,1284.2,213270.0
2024-07-24 09:00:00,1283.3,1287.6,1273.3,1283.5,251117.0
2024-07-25 09:00:00,1275.2,1279.2,1270.6,1276.6,207819.0
2024-07-26 09:00:00,1278.6,1285.0,1276.8,1285.0,164429.0
2024-07-29 09:00:00,1289.9,1294.8,1287.8,1287.8,137191.0
2024-07-30 09:00:00,1286.1,1292.4,1284.2,1292.4,174782.0
2024-07-31 09:00:00,1292.0,1304.3,1291.0,1304.3,204705.0
2024-08-01 09:00:00,1306.0,1306.2,1270.5,1275.0,254539.0
2024-08-02 09:00:00,1265.3,1277.8,1256.3,1275.9,271372.0
2024-08-05 09:00:00,1257.0,1263.0,1226.6,1233.0,366001.0
2024-08-06 09:00:00,1244.8,1256.3,1237.1,1249.6,276324.0
2024-08-07 09:00:00,1252.2,1255.6,1245.5,1250.0,240957.0
2024-08-08 09:00:00,1248.3,1251.4,1237.3,1240.1,259864.0
2024-08-09 09:00:00,1249.0,1266.6,1247.3,1264.9,245888.0
2024-08-12 09:00:00,1262.5,1270.5,1258.7,1270.0,226622.0
2024-08-13 09:00:00,1269.0,1270.3,1262.2,1267.0,197966.0
2024-08-14 09:00:00,1270.9,1274.0,1268.0,1268.0,178968.0
2024-08-15 09:00:00,1268.0,1269.7,1263.0,1267.7,113347.0
2024-08-16 09:00:00,1271.6,1290.0,1268.1,1288.0,226539.0
2024-08-19 09:00:00,1289.0,1300.7,1288.2,1298.0,193822.0
2024-08-20 09:00:00,1301.6,1308.8,1298.3,1302.0,199742.0
2024-08-21 09:00:00,1300.8,1314.6,1297.1,1312.4,222658.0
2024-08-22 09:00:00,1312.7,1316.7,1310.2,1314.2,187742.0
2024-08-23 09:00:00,1311.6,1318.8,1310.1,1315.3,182558.0
2024-08-26 09:00:00,1320.8,1323.1,1316.2,1317.0,152481.0
2024-08-27 09:00:00,1316.9,1323.8,1315.2,1321.8,156114.0
2024-08-28 09:00:00,1320.6,1324.8,1317.0,1322.1,166949.0
2024-08-29 09:00:00,1321.1,1330.2,1320.3,1326.8,165014.0
2024-08-30 09:00:00,1328.9,1335.0,1328.0,1332.7,123414.0
2024-09-04 09:00:00,1320.8,1321.6,1307.3,1314.0,174577.0
2024-09-05 09:00:00,1316.1,1318.6,1304.2,1307.7,168484.0
2024-09-06 09:00:00,1307.6,1311.3,1305.6,1309.0,150932.0
2024-09-09 09:00:00,1299.1,1309.0,1298.5,1307.7,154640.0
2024-09-10 09:00:00,1310.5,1313.6,1289.0,1294.1,201089.0
2024-09-11 09:00:00,1294.5,1297.5,1286.5,1293.0,203153.0
2024-09-12 09:00:00,1300.0,1303.4,1297.5,1297.5,161493.0
2024-09-13 09:00:00,1300.0,1300.2,1291.2,1294.1,193826.0
2024-09-16 09:00:00,1297.0,1297.4,1282.0,1282.0,168579.0
2024-09-17 09:00:00,1283.0,1305.8,1282.2,1305.8,184839.0
2024-09-18 09:00:00,1305.0,1318.5,1303.2,1311.9,217794.0
2024-09-19 09:00:00,1314.0,1320.2,1312.6,1316.9,120978.0
2024-09-20 09:00:00,1329.8,1338.3,1327.5,1330.0,176360.0
2024-09-23 09:00:00,1331.0,1332.6,1324.5,1325.5,129997.0
2024-09-24 09:00:00,1326.0,1335.4,1322.0,1335.0,165206.0
2024-09-25 09:00:00,1335.6,1350.0,1335.6,1344.0,182000.0
2024-09-26 09:00:00,1346.0,1366.7,1345.2,1356.4,224845.0
2024-09-27 09:00:00,1357.7,1363.8,1350.8,1355.5,223803.0
2024-09-30 09:00:00,1352.6,1357.0,1349.7,1357.0,142672.0
2024-10-01 09:00:00,1361.3,1374.7,1360.0,1360.0,196465.0
2024-10-02 09:00:00,1353.3,1361.4,1351.6,1357.1,183317.0
2024-10-03 09:00:00,1360.0,1376.9,1349.0,1349.0,299348.0
2024-10-04 09:00:00,1351.9,1352.7,1343.0,1343.0,205863.0
2024-10-07 09:00:00,1347.5,1349.4,1331.6,1340.0,203511.0
2024-10-08 09:00:00,1340.1,1350.0,1336.6,1341.7,224012.0
2024-10-09 09:00:00,1344.1,1358.5,1342.4,1358.3,212669.0
2024-10-10 09:00:00,1363.4,1373.4,1362.3,1366.2,209063.0
2024-10-11 09:00:00,1366.2,1368.0,1358.5,1366.6,171571.0
2024-10-14 09:00:00,1376.0,1376.8,1358.5,1359.0,210937.0
2024-10-15 09:00:00,1360.0,1369.6,1354.5,1358.0,232945.0
2024-10-16 09:00:00,1355.9,1359.6,1350.5,1354.6,172569.0
2024-10-17 09:00:00,1358.0,1361.9,1347.1,1358.3,162811.0
2024-10-18 09:00:00,1375.0,1378.0,1363.8,1365.9,257597.0
2024-10-21 09:00:00,1364.0,1369.9,1362.5,1363.9,165731.0
2024-10-22 09:00:00,1360.0,1363.4,1350.0,1352.2,195827.0
2024-10-23 09:00:00,1353.0,1355.6,1345.0,1354.0,210171.0
2024-10-24 09:00:00,1352.8,1354.1,1336.1,1338.0,233341.0
2024-10-25 09:00:00,1338.5,1339.8,1327.0,1327.2,226084.0
2024-10-28 09:00:00,1330.0,1332.4,1327.2,1332.0,130507.0
2024-10-29 09:00:00,1334.0,1341.2,1334.0,1339.4,164121.0
2024-10-30 09:00:00,1341.8,1342.7,1331.2,1342.0,186935.0
2024-10-31 09:00:00,1339.0,1347.9,1333.7,1343.5,202412.0
2024-11-01 09:00:00,1340.2,1340.5,1325.2,1330.4,215897.0
2024-11-04 09:00:00,1332.8,1332.9,1317.0,1318.5,213933.0
2024-11-05 09:00:00,1319.6,1324.2,1317.2,1319.0,142162.0
2024-11-06 09:00:00,1325.0,1341.0,1324.0,1341.0,214890.0
2024-11-07 09:00:00,1342.0,1343.6,1333.8,1334.7,190000.0
2024-11-08 09:00:00,1337.5,1340.5,1318.0,1324.0,220730.0
2024-11-11 09:00:00,1324.0,1324.4,1305.8,1320.1,233948.0
2024-11-12 09:00:00,1321.1,1323.5,1302.4,1310.0,246958.0
2024-11-13 09:00:00,1304.0,1313.5,1298.2,1307.3,265510.0
2024-11-14 09:00:00,1305.3,1310.0,1292.9,1292.9,251563.0
2024-11-15 09:00:00,1292.8,1292.8,1275.6,1275.6,253504.0
2024-11-18 09:00:00,1271.5,1280.7,1261.8,1273.2,245512.0
2024-11-19 09:00:00,1272.9,1274.9,1262.2,1262.3,265393.0
2024-11-20 09:00:00,1260.0,1280.4,1253.4,1270.0,322061.0
2024-11-21 09:00:00,1267.8,1283.8,1264.4,1281.3,215891.0
2024-11-22 09:00:00,1294.7,1301.8,1291.2,1298.0,236753.0
2024-11-25 09:00:00,1298.8,1301.0,1294.3,1298.4,178667.0
2024-11-26 09:00:00,1296.1,1312.0,1296.0,1307.0,196395.0
2024-11-27 09:00:00,1307.6,1309.3,1304.2,1307.8,143160.0
2024-11-28 09:00:00,1310.1,1319.0,1304.9,1305.5,199664.0
2024-11-29 09:00:00,1305.0,1318.7,1304.3,1318.0,207782.0
2024-12-02 09:00:00,1322.9,1323.8,1309.1,1313.5,149799.0
2024-12-03 09:00:00,1315.9,1318.4,1305.3,1314.0,223575.0
2024-12-04 09:00:00,1312.3,1312.9,1302.6,1303.0,208588.0
2024-12-05 09:00:00,1303.8,1345.8,1302.2,1345.0,297674.0
2024-12-06 09:00:00,1342.6,1348.9,1340.6,1342.0,184613.0
2024-12-09 09:00:00,1342.0,1351.9,1335.9,1339.9,168276.0
2024-12-10 09:00:00,1339.9,1345.6,1336.5,1343.0,179171.0
2024-12-11 09:00:00,1340.6,1347.7,1333.0,1338.6,186349.0
2024-12-12 09:00:00,1340.9,1351.6,1336.4,1339.5,216591.0
2024-12-13 09:00:00,1336.0,1339.3,1330.1,1335.0,193475.0
2024-12-16 09:00:00,1333.0,1338.4,1327.2,1335.0,167520.0
2024-12-17 09:00:00,1336.6,1336.6,1326.2,1331.0,175869.0
2024-12-18 09:00:00,1329.0,1335.0,1328.7,1331.0,142102.0
2024-12-19 09:00:00,1315.0,1322.0,1311.5,1312.3,171914.0
2024-12-20 09:00:00,1316.2,1321.2,1314.5,1321.2,136674.0
2024-12-23 09:00:00,1325.5,1331.4,1325.5,1328.0,112685.0
2024-12-24 09:00:00,1325.5,1328.5,1321.5,1328.0,130166.0
2024-12-25 09:00:00,1333.6,1355.9,1332.0,1350.1,215245.0
2024-12-26 09:00:00,1351.2,1351.2,1347.2,1350.7,114675.0
2024-12-27 09:00:00,1352.9,1357.6,1348.5,1348.5,122641.0
2024-12-30 09:00:00,1346.8,1347.4,1341.2,1345.2,94948.0
2024-12-31 09:00:00,1344.9,1352.1,1344.2,1345.5,135212.0
2025-01-02 09:00:00,1347.8,1351.5,1336.3,1346.9,153177.0
2025-01-03 09:00:00,1345.8,1345.8,1324.0,1324.0,172932.0
2025-01-06 09:00:00,1324.0,1331.0,1318.9,1318.9,148400.0
2025-01-07 09:00:00,1319.0,1328.0,1315.0,1318.4,174014.0
2025-01-08 09:00:00,1318.4,1322.9,1311.1,1322.5,186377.0
2025-01-09 09:00:00,1323.0,1324.9,1310.0,1314.5,186134.0
2025-01-10 09:00:00,1317.0,1317.4,1291.2,1295.6,202986.0
2025-01-13 09:00:00,1286.5,1299.5,1286.0,1299.5,181090.0
2025-01-14 09:00:00,1301.5,1301.5,1285.3,1291.2,191279.0
2025-01-15 09:00:00,1293.9,1302.4,1291.1,1296.6,201483.0
2025-01-16 09:00:00,1304.5,1309.8,1295.0,1295.1,162714.0
2025-01-17 09:00:00,1309.0,1320.8,1307.5,1320.8,183914.0
2025-01-20 09:00:00,1319.0,1326.9,1319.0,1324.5,139833.0
2025-01-21 09:00:00,1324.8,1333.3,1316.5,1322.8,181676.0
2025-01-22 09:00:00,1328.1,1328.8,1318.8,1320.5,186092.0
2025-01-23 09:00:00,1320.2,1348.0,1320.2,1339.0,234042.0
2025-01-24 09:00:00,1340.1,1346.5,1337.5,1343.9,156520.0
2025-02-03 09:00:00,1331.0,1332.3,1313.5,1318.0,177185.0
2025-02-04 09:00:00,1325.4,1331.1,1320.5,1328.5,172016.0
2025-02-05 09:00:00,1331.5,1338.0,1329.4,1333.5,160904.0
2025-02-06 09:00:00,1335.5,1344.9,1335.3,1339.9,158566.0
2025-02-07 09:00:00,1338.6,1347.5,1334.9,1343.3,170155.0
2025-02-10 09:00:00,1333.3,1337.7,1325.1,1330.5,185266.0
2025-02-11 09:00:00,1333.0,1334.2,1327.6,1334.1,143632.0
2025-02-12 09:00:00,1337.5,1342.0,1329.5,1329.5,139180.0
2025-02-13 09:00:00,1331.9,1338.5,1326.2,1337.5,181417.0
2025-02-14 09:00:00,1345.5,1350.6,1340.1,1341.8,163646.0
2025-02-17 09:00:00,1342.0,1342.1,1335.3,1335.3,120605.0
2025-02-18 09:00:00,1335.2,1348.4,1331.3,1338.9,202864.0
2025-02-19 09:00:00,1337.3,1347.3,1335.4,1344.5,177765.0
2025-02-20 09:00:00,1345.0,1352.9,1344.5,1350.0,126860.0
2025-02-21 09:00:00,1345.0,1356.4,1344.3,1353.8,166983.0
2025-02-24 09:00:00,1350.1,1366.8,1350.1,1366.3,170128.0
2025-02-25 09:00:00,1367.0,1367.0,1357.6,1359.8,157253.0
2025-02-26 09:00:00,1362.5,1363.9,1359.1,1361.9,121657.0
2025-02-27 09:00:00,1363.5,1364.0,1350.7,1364.0,170339.0
2025-02-28 09:00:00,1358.0,1361.4,1346.6,1357.0,203877.0
2025-03-03 09:00:00,1363.0,1365.8,1356.1,1361.0,158067.0
2025-03-04 09:00:00,1355.4,1370.0,1351.4,1367.0,200190.0
2025-03-05 09:00:00,1365.0,1374.8,1364.5,1365.2,168137.0
2025-03-06 09:00:00,1367.0,1377.0,1367.0,1375.4,190645.0
2025-03-07 09:00:00,1374.8,1387.0,1373.2,1385.2,178116.0
2025-03-10 09:00:00,1386.8,1394.9,1385.6,1389.4,149946.0
2025-03-11 09:00:00,1379.0,1392.0,1375.5,1392.0,189794.0
2025-03-12 09:00:00,1394.9,1395.6,1387.1,1388.5,173729.0
2025-03-13 09:00:00,1390.0,1393.8,1384.1,1385.5,201319.0
2025-03-14 09:00:00,1383.6,1393.8,1382.2,1385.0,193169.0
2025-03-17 09:00:00,1387.1,1391.8,1386.0,1390.3,129550.0
2025-03-18 09:00:00,1394.6,1395.3,1385.6,1387.5,136687.0
2025-03-19 09:00:00,1385.9,1385.9,1376.6,1377.0,170296.0
2025-03-20 09:00:00,1378.1,1383.0,1371.5,1376.5,168737.0
2025-03-21 09:00:00,1375.0,1376.4,1370.0,1373.9,140468.0
2025-03-24 09:00:00,1376.0,1390.0,1367.4,1390.0,205980.0
2025-03-25 09:00:00,1391.2,1392.4,1384.0,1386.7,163716.0
2025-03-26 09:00:00,1388.0,1393.5,1375.6,1376.9,209392.0
2025-03-27 09:00:00,1375.0,1380.4,1373.5,1374.8,170429.0
2025-03-28 09:00:00,1374.4,1376.0,1365.1,1365.1,169888.0
2025-03-31 09:00:00,1357.3,1360.3,1354.7,1360.0,133610.0
2025-04-01 09:00:00,1362.2,1367.8,1359.1,1366.0,130446.0
2025-04-02 09:00:00,1367.2,1375.0,1367.2,1371.6,139222.0
2025-04-03 09:00:00,1347.0,1347.9,1275.6,1275.6,317691.0
2025-04-04 09:00:00,1252.5,1272.5,1203.3,1267.1,430454.0
2025-04-08 09:00:00,1245.0,1247.6,1178.5,1178.5,378696.0
2025-04-09 09:00:00,1115.1,1218.0,1115.0,1178.0,580281.0
2025-04-10 09:00:00,1260.4,1260.4,1252.2,1260.4,48891.0
2025-04-11 09:00:00,1280.0,1308.0,1263.1,1307.0,334703.0
2025-04-14 09:00:00,1313.8,1320.4,1305.3,1317.0,215798.0
2025-04-15 09:00:00,1310.2,1316.7,1299.6,1307.7,275452.0
2025-04-16 09:00:00,1302.0,1313.5,1285.6,1290.0,245654.0
2025-04-17 09:00:00,1287.2,1296.0,1284.1,1296.0,210259.0
2025-04-18 09:00:00,1302.4,1318.9,1290.0,1290.0,217811.0
2025-04-21 09:00:00,1294.8,1298.6,1286.5,1291.0,226177.0
2025-04-22 09:00:00,1285.0,1297.5,1212.5,1292.0,421002.0
2025-04-23 09:00:00,1315.0,1317.3,1295.3,1301.0,313201.0
2025-04-24 09:00:00,1304.0,1312.9,1297.0,1307.0,233288.0
2025-04-25 09:00:00,1314.4,1315.0,1307.0,1311.9,197439.0
2025-04-28 09:00:00,1315.3,1316.0,1306.1,1312.0,144326.0
2025-04-29 09:00:00,1312.1,1312.5,1306.2,1306.2,118296.0
2025-05-05 09:00:00,1313.2,1318.2,1308.0,1316.4,90344.0
2025-05-06 09:00:00,1317.5,1331.4,1316.2,1317.5,170560.0
2025-05-07 09:00:00,1319.0,1326.0,1317.1,1325.0,142075.0
2025-05-08 09:00:00,1327.9,1356.5,1325.3,1355.0,194153.0
2025-05-09 09:00:00,1354.2,1357.4,1346.8,1350.5,177280.0
2025-05-12 09:00:00,1356.0,1379.0,1352.8,1374.0,216949.0
2025-05-13 09:00:00,1379.0,1380.0,1372.0,1380.0,144786.0
2025-05-14 09:00:00,1378.6,1399.0,1378.0,1396.5,237131.0
2025-05-15 09:00:00,1396.5,1402.9,1386.6,1400.7,163755.0
2025-05-16 09:00:00,1397.9,1398.9,1384.2,1384.2,195833.0
2025-05-19 09:00:00,1379.0,1392.9,1373.1,1380.1,190970.0
2025-05-20 09:00:00,1384.0,1408.8,1382.2,1408.0,237112.0
2025-05-21 09:00:00,1407.2,1423.0,1407.2,1414.5,186482.0
2025-05-22 09:00:00,1408.0,1421.9,1402.0,1402.0,215668.0
2025-05-23 09:00:00,1404.0,1409.4,1400.5,1406.5,155741.0
2025-05-26 09:00:00,1409.4,1418.0,1308.1,1416.5,262333.0
2025-05-27 09:00:00,1417.4,1420.0,1407.6,1415.5,168177.0
2025-05-28 09:00:00,1420.9,1428.8,1418.6,1421.2,172978.0
2025-05-29 09:00:00,1427.9,1430.9,1417.0,1423.7,158896.0
2025-05-30 09:00:00,1420.0,1422.5,1415.0,1419.5,119850.0
2025-06-02 09:00:00,1411.1,1418.0,1408.6,1415.1,149682.0
2025-06-03 09:00:00,1419.0,1441.0,1418.1,1434.9,190811.0
2025-06-04 09:00:00,1437.0,1437.2,1426.1,1430.0,129091.0
2025-06-05 09:00:00,1428.3,1432.0,1424.7,1427.0,118012.0
2025-06-06 09:00:00,1427.0,1427.0,1400.0,1413.6,175389.0
2025-06-09 09:00:00,1415.9,1416.6,1397.0,1397.0,149897.0
2025-06-10 09:00:00,1395.2,1411.3,1392.6,1396.9,234556.0
2025-06-11 09:00:00,1400.2,1402.8,1394.3,1401.8,159545.0
2025-06-12 09:00:00,1400.0,1426.0,1399.2,1409.2,206833.0
2025-06-13 09:00:00,1399.0,1399.9,1382.0,1395.9,262073.0
2025-06-16 09:00:00,1398.6,1416.7,1393.5,1416.7,172220.0
2025-06-17 09:00:00,1418.5,1430.2,1415.2,1421.0,188457.0
2025-06-18 09:00:00,1424.0,1433.5,1421.3,1427.4,160161.0
2025-06-19 09:00:00,1428.9,1441.0,1426.5,1440.8,146287.0
2025-06-20 09:00:00,1426.8,1429.8,1420.5,1424.2,141241.0
2025-06-23 09:00:00,1418.0,1435.6,1414.0,1433.6,191017.0
2025-06-24 09:00:00,1444.0,1461.0,1443.2,1449.0,199519.0
2025-06-25 09:00:00,1451.9,1457.6,1446.3,1450.2,159652.0
2025-06-26 09:00:00,1449.7,1457.7,1447.1,1448.8,142410.0
2025-06-27 09:00:00,1453.2,1463.5,1448.7,1460.0,175334.0
2025-06-30 09:00:00,1467.9,1469.0,1462.6,1462.6,93980.0
2025-07-01 09:00:00,1463.6,1468.7,1456.3,1459.2,148538.0
2025-07-02 09:00:00,1461.4,1471.8,1458.7,1469.7,156707.0
2025-07-03 09:00:00,1459.9,1479.3,1454.0,1471.0,219718.0
2025-07-04 09:00:00,1472.0,1474.8,1469.4,1472.2,122818.0
2025-07-07 09:00:00,1475.6,1492.9,1475.6,1492.9,173016.0
2025-07-08 09:00:00,1494.0,1512.0,1491.0,1512.0,181740.0
2025-07-09 09:00:00,1513.0,1534.5,1513.0,1533.0,246053.0
2025-07-10 09:00:00,1537.5,1639.9,1535.6,1567.9,219870.0
2025-07-11 09:00:00,1571.7,1602.5,1571.3,1595.9,248763.0
2025-07-14 09:00:00,1600.5,1608.5,1570.0,1601.2,290975.0
2025-07-15 09:00:00,1606.0,1611.8,1594.0,1594.0,172069.0
2025-07-16 09:00:00,1592.3,1619.0,1590.3,1618.0,186399.0
2025-07-17 09:00:00,1621.5,1644.5,1619.3,1638.0,205356.0
2025-07-18 09:00:00,1632.0,1638.0,1619.2,1638.0,263382.0
2025-07-21 09:00:00,1637.0,1649.0,1621.0,1624.5,259627.0
2025-07-22 09:00:00,1620.6,1655.0,1610.6,1655.0,262279.0
2025-07-23 09:00:00,1661.0,1664.5,1641.6,1653.0,277689.0
2025-07-24 09:00:00,1656.0,1657.9,1636.5,1655.5,252754.0
2025-07-25 09:00:00,1656.2,1675.1,1650.0,1673.0,220295.0
2025-07-28 09:00:00,1675.8,1693.5,1672.2,1693.0,187508.0
2025-07-29 09:00:00,1692.8,1693.8,1621.0,1621.0,368368.0
2025-07-30 09:00:00,1625.0,1634.5,1597.6,1623.3,369811.0
2025-07-31 09:00:00,1626.8,1631.6,1593.0,1607.3,372945.0
2025-08-01 09:00:00,1601.2,1615.0,1594.2,1615.0,269595.0
2025-08-04 09:00:00,1605.0,1655.0,1602.1,1653.5,278270.0
2025-08-05 09:00:00,1661.5,1737.7,1635.0,1689.6,423561.0
2025-08-06 09:00:00,1688.2,1728.0,1680.5,1719.5,351833.0
2025-08-07 09:00:00,1722.0,1739.9,1710.0,1724.8,297996.0
2025-08-08 09:00:00,1727.7,1732.2,1705.5,1723.2,267798.0
2025-08-11 09:00:00,1729.0,1745.7,1723.2,1737.5,256016.0
2025-08-12 09:00:00,1736.0,1750.6,1736.0,1749.4,221955.0
2025-08-13 09:00:00,1757.6,1759.5,1720.1,1746.0,364118.0
2025-08-14 09:00:00,1749.0,1793.0,1748.5,1793.0,308272.0
2025-08-15 09:00:00,1799.5,1813.6,1766.2,1781.0,331290.0
2025-08-18 09:00:00,1786.3,1787.6,1769.3,1780.5,226074.0
2025-08-19 09:00:00,1782.6,1839.0,1782.1,1815.9,321138.0
2025-08-20 09:00:00,1814.0,1831.2,1775.0,1831.1,429156.0
2025-08-21 09:00:00,1834.4,1878.5,1831.1,1876.9,269885.0
2025-08-22 09:00:00,1859.0,1859.9,1781.3,1805.0,548631.0
2025-08-25 09:00:00,1820.1,1825.0,1773.2,1783.0,385100.0
2025-08-26 09:00:00,1776.0,1852.0,1772.5,1852.0,376161.0
2025-08-27 09:00:00,1858.8,1869.6,1843.1,1846.4,365348.0
2025-08-28 09:00:00,1848.5,1865.0,1826.0,1862.9,382899.0
2025-08-29 09:00:00,1867.9,1878.8,1859.5,1861.0,236427.0
2025-09-03 09:00:00,1856.2,1863.1,1840.5,1855.0,259168.0
2025-09-04 09:00:00,1858.2,1883.7,1843.6,1883.1,273665.0
2025-09-05 09:00:00,1889.0,1898.0,1845.1,1845.1,304496.0
2025-09-08 09:00:00,1844.5,1844.6,1800.0,1800.0,334568.0
2025-09-09 09:00:00,1802.0,1825.0,1795.2,1825.0,353772.0
2025-09-10 09:00:00,1825.2,1830.8,1806.0,1824.8,327940.0
2025-09-11 09:00:00,1826.9,1862.1,1777.8,1853.5,504756.0
2025-09-12 09:00:00,1857.0,1871.2,1835.5,1859.0,371948.0
2025-09-15 09:00:00,1859.1,1877.6,1850.6,1876.0,258243.0
2025-09-16 09:00:00,1888.8,1895.0,1867.0,1876.0,299822.0
2025-09-17 09:00:00,1874.0,1885.0,1870.2,1873.7,246608.0
2025-09-18 09:00:00,1877.0,1877.0,1852.0,1856.6,242578.0
2025-09-19 09:00:00,1854.7,1855.7,1838.2,1848.2,284018.0
2025-09-22 09:00:00,1848.2,1852.0,1800.5,1815.1,370638.0
2025-09-23 09:00:00,1813.9,1832.6,1808.1,1812.1,287551.0
2025-09-24 09:00:00,1812.0,1875.5,1795.3,1849.0,391561.0
2025-09-25 09:00:00,1849.0,1857.9,1842.2,1849.4,231079.0
2025-09-26 09:00:00,1845.1,1864.0,1840.0,1840.0,244881.0
2025-09-29 09:00:00,1840.0,1868.0,1835.2,1855.2,269995.0
2025-09-30 09:00:00,1855.0,1864.4,1841.6,1854.4,297095.0
2025-10-01 09:00:00,1858.0,1872.3,1853.3,1864.0,218650.0
2025-10-02 09:00:00,1867.5,1881.6,1840.0,1852.8,246038.0
2025-10-03 09:00:00,1854.0,1867.8,1844.0,1856.9,265745.0
2025-10-06 09:00:00,1864.5,1920.0,1864.0,1918.6,305487.0
2025-10-07 09:00:00,1922.7,1925.8,1908.3,1911.3,211879.0
2025-10-08 09:00:00,1930.0,1944.0,1903.1,1919.0,319186.0
2025-10-09 09:00:00,1921.6,1943.6,1915.5,1936.6,301704.0
2025-10-10 09:00:00,1940.0,1975.9,1936.2,1975.9,269526.0
2025-10-13 09:00:00,1965.6,2021.0,1957.7,2013.6,276463.0
2025-10-14 09:00:00,2013.0,2041.0,2003.1,2014.2,346746.0
2025-10-15 09:00:00,2018.7,2034.0,2013.5,2022.0,281542.0
2025-10-16 09:00:00,2021.5,2026.0,2009.0,2012.7,226777.0
2025-10-17 09:00:00,2015.9,2017.5,1960.0,1968.0,280515.0
2025-10-20 09:00:00,1969.1,1969.9,1861.0,1861.0,350597.0
2025-10-21 09:00:00,1873.7,1933.0,1860.0,1900.2,496865.0
2025-10-22 09:00:00,1908.0,1926.0,1855.1,1926.0,401911.0
2025-10-23 09:00:00,1924.0,1959.0,1913.0,1943.5,367424.0
2025-10-24 09:00:00,1945.5,1954.3,1903.9,1937.4,412641.0
2025-10-27 09:00:00,1952.0,1956.6,1891.5,1891.5,413484.0
2025-10-28 09:00:00,1885.0,1947.9,1871.1,1940.9,411337.0
2025-10-29 09:00:00,1943.8,1964.7,1936.1,1947.0,274890.0
2025-10-30 09:00:00,1947.0,1948.4,1910.5,1927.0,333332.0
2025-10-31 09:00:00,1928.0,1928.0,1887.5,1892.0,344227.0
2025-11-03 09:00:00,1893.1,1915.0,1855.1,1860.0,412307.0
2025-11-04 09:00:00,1855.0,1907.7,1851.0,1898.0,369282.0
2025-11-05 09:00:00,1893.0,1899.0,1877.0,1886.0,290770.0
2025-11-06 09:00:00,1889.6,1895.5,1866.5,1866.5,327783.0
2025-11-07 09:00:00,1862.0,1864.8,1819.0,1827.8,285898.0
2025-11-10 09:00:00,1825.0,1850.5,1801.3,1801.3,290775.0
2025-11-11 09:00:00,1807.9,1838.0,1804.2,1815.0,363337.0
2025-11-12 09:00:00,1821.0,1875.9,1819.7,1870.6,295937.0
2025-11-13 09:00:00,1870.6,1878.7,1852.0,1863.0,296977.0
2025-11-14 09:00:00,1854.0,1880.0,1851.3,1869.7,237240.0
2025-11-17 09:00:00,1873.7,1896.5,1871.5,1895.2,249298.0
2025-11-18 09:00:00,1896.0,1898.0,1878.3,1898.0,262967.0
2025-11-19 09:00:00,1893.0,1896.5,1878.0,1885.8,191911.0
2025-11-20 09:00:00,1889.8,1907.9,1887.9,1898.1,202342.0
2025-11-21 09:00:00,1876.0,1893.6,1860.2,1892.4,267558.0
2025-11-24 09:00:00,1896.0,1925.0,1894.2,1911.0,219485.0
2025-11-25 09:00:00,1912.0,1922.5,1900.0,1908.1,213823.0
2025-11-26 09:00:00,1912.5,1931.0,1909.6,1924.9,252444.0
2025-11-27 09:00:00,1929.2,1934.0,1915.0,1921.0,224302.0
2025-11-28 09:00:00,1923.0,1932.0,1908.0,1923.0,205120.0
2025-12-01 09:00:00,1923.9,1939.8,1922.2,1933.2,197020.0
2025-12-02 09:00:00,1928.3,1947.0,1916.0,1947.0,255739.0
2025-12-03 09:00:00,1948.3,1981.9,1948.3,1972.0,213478.0
2025-12-04 09:00:00,1974.9,1986.1,1965.5,1977.0,212389.0
2025-12-05 09:00:00,1983.0,1986.5,1969.8,1976.5,201106.0
2025-12-08 09:00:00,1976.5,1992.6,1976.0,1984.0,193078.0
2025-12-09 09:00:00,1985.9,1987.1,1953.8,1970.0,320449.0
2025-12-10 09:00:00,1965.1,1967.9,1931.5,1935.0,272571.0
2025-12-11 09:00:00,1944.4,1944.4,1916.2,1919.1,335498.0
2025-12-12 09:00:00,1925.0,1925.9,1867.0,1871.0,308918.0
2025-12-15 09:00:00,1868.4,1887.0,1856.0,1868.5,293599.0
2025-12-16 09:00:00,1870.5,1926.8,1856.9,1912.6,402534.0
2025-12-17 09:00:00,1914.0,1918.4,1893.0,1898.1,251627.0
2025-12-18 09:00:00,1896.5,1902.0,1884.0,1899.1,206174.0
2025-12-19 09:00:00,1911.0,1942.6,1909.4,1936.9,217839.0
2025-12-22 09:00:00,1944.8,1997.3,1940.9,1997.0,238545.0
2025-12-23 09:00:00,2002.0,2025.9,1997.2,2015.0,246118.0
2025-12-24 09:00:00,2019.4,2024.9,2002.2,2022.0,280975.0
2025-12-25 09:00:00,2023.0,2048.5,1950.0,1950.0,278828.0
2025-12-26 09:00:00,1944.0,1989.7,1926.1,1969.0,419216.0
2025-12-29 09:00:00,1969.0,2004.0,1961.0,1990.2,261936.0
2025-12-30 09:00:00,1993.5,2014.1,1985.0,2014.1,270269.0
2025-12-31 09:00:00,2021.0,2037.7,2013.8,2029.0,202596.0
2026-01-05 09:00:00,2034.0,2036.1,2003.2,2024.1,229390.0
2026-01-06 09:00:00,2029.9,2065.0,2023.2,2062.0,290669.0
2026-01-07 09:00:00,2068.9,2094.4,2054.6,2088.2,262629.0
2026-01-08 09:00:00,2088.9,2109.7,2072.4,2074.0,287536.0
2026-01-09 09:00:00,2077.0,2094.0,2053.0,2061.6,326655.0
2026-01-12 09:00:00,2061.0,2082.5,2058.5,2079.7,324313.0
2026-01-13 09:00:00,2085.9,2097.4,2077.2,2084.6,255135.0
2026-01-14 09:00:00,2083.9,2090.4,2039.0,2066.6,316339.0
2026-01-15 09:00:00,2063.3,2063.3,2026.0,2039.8,312195.0
2026-01-16 09:00:00,2040.4,2098.8,2040.1,2081.2,276239.0
2026-01-19 09:00:00,2071.2,2096.2,2071.0,2088.9,235935.0
2026-01-20 09:00:00,2100.0,2115.7,2072.4,2077.5,315990.0
2026-01-21 09:00:00,2073.0,2084.0,2055.1,2078.0,331432.0
2026-01-22 09:00:00,2089.4,2099.7,2068.8,2087.0,296223.0
2026-01-23 09:00:00,2093.5,2098.9,2075.1,2076.0,252560.0
2026-01-26 09:00:00,2072.0,2076.5,2027.0,2036.0,264482.0
2026-01-27 09:00:00,2034.0,2042.5,2019.0,2022.0,267459.0
2026-01-28 09:00:00,2023.6,2032.0,1990.9,2003.8,332998.0
2026-01-29 09:00:00,2007.0,2025.1,2006.0,2025.1,231624.0
2026-01-30 09:00:00,2026.6,2042.0,2025.2,2035.0,187194.0
2026-02-02 09:00:00,2030.0,2032.9,1979.0,2004.9,305178.0
2026-02-03 09:00:00,2019.9,2024.8,2000.0,2000.0,236543.0
2026-02-04 09:00:00,1999.8,2010.0,1982.1,2010.0,300351.0
2026-02-05 09:00:00,2005.6,2009.6,1972.2,1972.2,281132.0
2026-02-06 09:00:00,1961.0,1971.8,1948.6,1951.3,289474.0
2026-02-09 09:00:00,1964.3,1970.4,1952.3,1955.7,170886.0
2026-02-10 09:00:00,1960.8,1980.0,1930.0,1966.1,283544.0
2026-02-11 09:00:00,1967.7,2018.3,1967.2,2018.0,288608.0
2026-02-12 09:00:00,2024.3,2028.0,2015.4,2021.0,131047.0
2026-02-13 09:00:00,2020.8,2022.4,2009.0,2010.5,143644.0
2026-02-23 09:00:00,2033.0,2049.1,2032.0,2044.0,127973.0
2026-02-24 09:00:00,2041.1,2046.9,2032.2,2046.5,162962.0
2026-02-25 09:00:00,2055.0,2066.8,2044.2,2046.5,210643.0
2026-02-26 09:00:00,2043.7,2077.9,2043.3,2067.1,220525.0
2026-02-27 09:00:00,2067.0,2072.5,2048.1,2053.6,204592.0
2026-03-02 09:00:00,2034.1,2050.0,2015.0,2015.0,235856.0
2026-03-03 09:00:00,2017.0,2020.0,1950.9,1952.0,320076.0
2026-03-04 09:00:00,1942.0,1956.0,1911.7,1956.0,394884.0
2026-03-05 09:00:00,1973.7,1978.8,1920.1,1924.4,315734.0
2026-03-06 09:00:00,1916.7,1936.6,1894.9,1898.9,354592.0
2026-03-09 09:00:00,1820.0,1829.8,1766.0,1766.0,295902.0
2026-03-10 09:00:00,1818.2,1844.9,1803.9,1833.0,400592.0
2026-03-11 09:00:00,1840.1,1894.5,1835.1,1883.0,366814.0
2026-03-12 09:00:00,1866.6,1869.5,1845.0,1853.0,288319.0
2026-03-13 09:00:00,1836.0,1877.5,1834.5,1840.0,323596.0
2026-03-16 09:00:00,1847.0,1858.6,1836.7,1851.3,255528.0
2026-03-17 09:00:00,1868.0,1920.0,1867.4,1877.0,284046.0
2026-03-18 09:00:00,1896.9,1909.0,1876.2,1881.9,295426.0
2026-03-19 09:00:00,1844.9,1869.0,1843.0,1858.2,249405.0
2026-03-20 09:00:00,1841.0,1841.9,1791.4,1802.0,299469.0
2026-03-23 09:00:00,1775.1,1784.8,1740.0,1740.0,302711.0
2026-03-24 09:00:00,1766.0,1780.8,1759.5,1773.9,290430.0
2026-03-25 09:00:00,1809.9,1814.0,1792.2,1814.0,246720.0
2026-03-26 09:00:00,1808.0,1809.5,1783.0,1793.0,223559.0
2026-03-27 09:00:00,1784.0,1830.9,1783.2,1821.1,255080.0
2026-03-30 09:00:00,1779.0,1830.0,1769.0,1808.4,294889.0
2026-03-31 09:00:00,1820.7,1841.0,1818.6,1823.9,275676.0
2026-04-01 09:00:00,1865.0,1881.2,1860.7,1875.8,197521.0
2026-04-02 09:00:00,1856.6,1859.9,1838.3,1853.2,202659.0
2026-04-03 09:00:00,1868.0,1872.0,1829.2,1835.4,215957.0
2026-04-06 09:00:00,1830.0,1854.5,1830.0,1845.3,268025.0
2026-04-07 09:00:00,1840.5,1857.6,1835.2,1848.2,255968.0
2026-04-08 09:00:00,1920.0,1942.0,1893.3,1942.0,288151.0
2026-04-09 09:00:00,1935.0,1942.0,1921.7,1921.7,260571.0
2026-04-10 09:00:00,1936.1,1955.8,1931.0,1931.0,221929.0
2026-04-13 09:00:00,1914.1,1936.0,1911.5,1932.2,223514.0
2026-04-14 09:00:00,1955.0,1961.8,1938.5,1946.3,220696.0
2026-04-15 09:00:00,1959.0,1964.9,1955.2,1961.0,170961.0
2026-04-16 09:00:00,1968.0,1985.0,1965.3,1980.5,160347.0
2026-04-17 09:00:00,1967.0,1997.9,1964.0,1987.9,249988.0
2026-04-20 09:00:00,1994.9,2001.8,1986.0,1997.9,201005.0
2026-04-21 09:00:00,2006.2,2025.0,1998.0,1998.0,208752.0
2026-04-22 09:00:00,1994.6,2044.8,1980.4,2040.6,322088.0
2026-04-23 09:00:00,2045.0,2048.7,1997.8,2019.2,347269.0
2026-04-24 09:00:00,2011.2,2019.0,2001.0,2015.0,264102.0
2026-04-28 09:00:00,2022.8,2044.5,2015.0,2028.0,252259.0
2026-04-29 09:00:00,2031.7,2040.0,2021.1,2028.0,180645.0
2026-05-04 09:00:00,2040.0,2053.6,2005.0,2017.9,247250.0
2026-05-05 09:00:00,2004.0,2038.8,2001.3,2038.8,251696.0
2026-05-06 09:00:00,2053.4,2066.0,2035.3,2060.0,211483.0
2026-05-07 09:00:00,2070.0,2094.2,2061.0,2080.0,264597.0
2026-05-08 09:00:00,2073.0,2084.7,2063.1,2073.4,204031.0
2026-05-11 09:00:00,2070.5,2073.3,2039.0,2039.0,213165.0
2026-05-12 09:00:00,2038.8,2050.6,2025.6,2049.0,216859.0
2026-05-13 09:00:00,2052.0,2054.8,2021.5,2039.9,253914.0
2026-05-14 09:00:00,2042.0,2065.5,2034.8,2065.1,252931.0
2026-05-15 09:00:00,2061.0,2064.0,2042.1,2053.9,191885.0
2026-05-18 09:00:00,2039.0,2056.6,2028.3,2047.5,206774.0
2026-05-19 09:00:00,2050.0,2050.1,2023.2,2030.1,234959.0
2026-05-20 09:00:00,2024.5,2040.0,2001.1,2040.0,273640.0
2026-05-21 09:00:00,2050.9,2051.9,2029.5,2031.5,174118.0
2026-05-22 09:00:00,2016.0,2019.4,1994.3,2010.0,242774.0
2026-05-25 09:00:00,2022.0,2030.8,2014.6,2022.4,165771.0
2026-05-26 09:00:00,2018.6,2034.5,2018.3,2033.0,162075.0
2026-05-27 09:00:00,2032.9,2035.8,2016.5,2024.8,196572.0
2026-05-28 09:00:00,2020.0,2028.0,1990.1,1990.1,200612.0
2026-05-29 09:00:00,1998.0,2016.0,1992.6,2005.0,208480.0
2026-06-01 09:00:00,2007.5,2007.6,1984.0,1991.0,161319.0
2026-06-02 09:00:00,1985.3,1998.6,1972.1,1972.1,181820.0
2026-06-03 09:00:00,1977.0,1995.8,1965.2,1972.4,212065.0
2026-06-04 09:00:00,1969.4,1987.0,1966.8,1982.4,177808.0
2026-06-05 09:00:00,1981.7,1986.8,1972.9,1982.0,131026.0
2026-06-08 09:00:00,1967.5,1969.7,1936.8,1937.0,199354.0
2026-06-09 09:00:00,1941.0,1956.9,1938.1,1950.5,185923.0
2026-06-10 09:00:00,1944.4,1966.7,1943.6,1961.5,187230.0
2026-06-11 09:00:00,1954.9,1956.0,1944.3,1952.8,162090.0
2026-06-12 09:00:00,1968.0,1974.7,1935.0,1939.0,193481.0
2026-06-15 09:00:00,1959.0,1970.4,1950.2,1965.2,193140.0
2026-06-16 09:00:00,1968.0,1972.0,1959.5,1964.0,125365.0
2026-06-17 09:00:00,1960.0,1965.9,1950.0,1959.9,160702.0
2026-06-18 09:00:00,1966.8,1977.9,1963.2,1971.4,140432.0
2026-06-19 09:00:00,1975.8,1976.0,1956.3,1964.0,152208.0
2026-06-22 09:00:00,1966.9,1987.9,1965.1,1984.8,163142.0
2026-06-23 09:00:00,1984.7,2012.4,1981.5,1991.4,203993.0
2026-06-24 09:00:00,1995.1,2011.7,1995.0,2009.0,201793.0
2026-06-25 09:00:00,2008.8,2011.6,2002.3,2006.4,128325.0
2026-06-26 09:00:00,2003.8,2012.0,1991.6,2012.0,174961.0
